ds,y
2018/3/17 0:00,2837868.783
2018/3/17 1:00,2079329.917
2018/3/17 2:00,2808576.567
2018/3/17 3:00,3244358.817
2018/3/17 4:00,3289919.417
2018/3/17 5:00,2564163.617
2018/3/17 6:00,2926544.15
2018/3/17 7:00,2538689.783
2018/3/17 8:00,4123489.983
2018/3/17 9:00,4077853.983
2018/3/17 10:00,2892871.233
2018/3/17 11:00,2569313.133
2018/3/17 12:00,2642676.933
2018/3/17 13:00,2892745.133
2018/3/17 14:00,2395541.283
2018/3/17 15:00,1854175.133
2018/3/17 16:00,3226960.65
2018/3/17 17:00,2247913.283
2018/3/17 18:00,2930696.633
2018/3/17 19:00,3108327.883
2018/3/17 20:00,2348992.733
2018/3/17 21:00,3174192
2018/3/17 22:00,3362278.067
2018/3/17 23:00,1883796.9
2018/3/18 0:00,2201328.683
2018/3/18 1:00,2868214.133
2018/3/18 2:00,3969652.982
2018/3/18 3:00,2166525.733
2018/3/18 4:00,2741760
2018/3/18 5:00,2151192.25
2018/3/18 6:00,2506137.133
2018/3/18 7:00,2601885.267
2018/3/18 8:00,1589756.7
2018/3/18 9:00,1901784.55
2018/3/18 10:00,3146535.741
2018/3/18 11:00,3133957.25
2018/3/18 12:00,3911850.8
2018/3/18 13:00,2048473.6
2018/3/18 14:00,1333926.517
2018/3/18 15:00,2323156.45
2018/3/18 16:00,2829809.217
2018/3/18 17:00,2497773.2
2018/3/18 18:00,4435687.085
2018/3/18 19:00,4472587.898
2018/3/18 20:00,4515762.65
2018/3/18 21:00,3853832.35
2018/3/18 22:00,3883963.083
2018/3/18 23:00,1740432.367
2018/3/19 0:00,2579533.367
2018/3/19 1:00,3024181.6
2018/3/19 2:00,3804654.143
2018/3/19 3:00,3034397.2
2018/3/19 4:00,3421485.983
2018/3/19 5:00,3424303.1
2018/3/19 6:00,1842332.75
2018/3/19 7:00,3269728.8
2018/3/19 8:00,2418559.183
2018/3/19 9:00,4795647.034
2018/3/19 10:00,2897274.383
2018/3/19 11:00,2672557.833
2018/3/19 12:00,3622101.712
2018/3/19 13:00,2356105.083
2018/3/19 14:00,2955305.533
2018/3/19 15:00,2168338.4
2018/3/19 16:00,3097066.517
2018/3/19 17:00,2037707.517
2018/3/19 18:00,1934065.4
2018/3/19 19:00,1374329.233
2018/3/19 20:00,2699320.767
2018/3/19 21:00,1939406.8
2018/3/19 22:00,1754973.6
2018/3/19 23:00,1627757.65
2018/3/20 0:00,2612253.35
2018/3/20 1:00,2198574.483
2018/3/20 2:00,3603361.9
2018/3/20 3:00,4134760.741
2018/3/20 4:00,3112001.267
2018/3/20 5:00,2636701.55
2018/3/20 6:00,1909915.85
2018/3/20 7:00,2662824.767
2018/3/20 8:00,2026720.267
2018/3/20 9:00,2369759.567
2018/3/20 10:00,2071054.167
2018/3/20 11:00,3115671.8
2018/3/20 12:00,3900620.617
2018/3/20 13:00,3446037.417
2018/3/20 14:00,3400751.393
2018/3/20 15:00,4355296.567
2018/3/20 16:00,3823479.267
2018/3/20 17:00,3931728.707
2018/3/20 18:00,5447265.704
2018/3/20 19:00,3869045.4
2018/3/20 20:00,5296053.783
2018/3/20 21:00,3266445.883
2018/3/20 22:00,3524251.25
2018/3/20 23:00,3045699.533
2018/3/21 0:00,2929157.55
2018/3/21 1:00,4776091.426
2018/3/21 2:00,3937669.136
2018/3/21 3:00,3821552.067
2018/3/21 4:00,4706603.767
2018/3/21 5:00,4518017.317
2018/3/21 6:00,3606437.383
2018/3/21 7:00,3128662.283
2018/3/21 8:00,5281637.489
2018/3/21 9:00,5883520.548
2018/3/21 10:00,5731454.841
2018/3/21 11:00,5529034.894
2018/3/21 12:00,5450996.85
2018/3/21 13:00,3758379.169
2018/3/21 14:00,6011059.293
2018/3/21 15:00,4782440.839
2018/3/21 16:00,5912239.727
2018/3/21 17:00,3657225.378
2018/3/21 18:00,3794756.649
2018/3/21 19:00,3932287.92
2018/3/21 20:00,6612786.85
2018/3/21 21:00,4114083
2018/3/21 22:00,6412873.195
2018/3/21 23:00,4422846.544
2018/3/22 0:00,3200968.55
2018/3/22 1:00,3980083.167
2018/3/22 2:00,4905517.816
2018/3/22 3:00,4372089.891
2018/3/22 4:00,2848994.017
2018/3/22 5:00,4001748.636
2018/3/22 6:00,3226633.95
2018/3/22 7:00,5158679.314
2018/3/22 8:00,6596748.045
2018/3/22 9:00,4468542.692
2018/3/22 10:00,4931364.278
2018/3/22 11:00,4957886.317
2018/3/22 12:00,4344459.36
2018/3/22 13:00,5662222.164
2018/3/22 14:00,4569344.593
2018/3/22 15:00,5851460
2018/3/22 16:00,6153582.08
2018/3/22 17:00,5281661.044
2018/3/22 18:00,4334866.14
2018/3/22 19:00,4642037.273
2018/3/22 20:00,5216089.966
2018/3/22 21:00,4676729.864
2018/3/22 22:00,5641010.725
2018/3/22 23:00,5539788.58
2018/3/23 0:00,4131393.8
2018/3/23 1:00,4426341.786
2018/3/23 2:00,5107750.152
2018/3/23 3:00,3673080.9
2018/3/23 4:00,3431310.267
2018/3/23 5:00,4618758.933
2018/3/23 6:00,4012563.607
2018/3/23 7:00,3527403.411
2018/3/23 8:00,2999190.65
2018/3/23 9:00,5344325.074
2018/3/23 10:00,2946171.617
2018/3/23 11:00,3575743.552
2018/3/23 12:00,3854150.76
2018/3/23 13:00,3727342.767
2018/3/23 14:00,4780386.683
2018/3/23 15:00,4461625.75
2018/3/23 16:00,5200604.86
2018/3/23 17:00,5843632.784
2018/3/23 18:00,4153432.05
2018/3/23 19:00,4683255.589
2018/3/23 20:00,3354870.6
2018/3/23 21:00,1640566.667
2018/3/23 22:00,4980431.241
2018/3/23 23:00,4369228.183
2018/3/24 0:00,4113539.153
2018/3/24 1:00,3398774.7
2018/3/24 2:00,4316804.153
2018/3/24 3:00,3377652.95
2018/3/24 4:00,4268088.915
2018/3/24 5:00,4905192.091
2018/3/24 6:00,2172232.85
2018/3/24 7:00,3577608.528
2018/3/24 8:00,2749224.396
2018/3/24 9:00,4814801.5
2018/3/24 10:00,5666384.311
2018/3/24 11:00,4606474.929
2018/3/24 12:00,4156977.229
2018/3/24 13:00,5222022.459
2018/3/24 14:00,3968907.35
2018/3/24 15:00,5269859.585
2018/3/24 16:00,3779734.983
2018/3/24 17:00,5016339.233
2018/3/24 18:00,5563735.341
2018/3/24 19:00,3394648.167
2018/3/24 20:00,5143573.522
2018/3/24 21:00,5409315
2018/3/24 22:00,5371532.667
2018/3/24 23:00,5003252.939
2018/3/25 0:00,3939584.883
2018/3/25 1:00,4438796.283
2018/3/25 2:00,4451580.291
2018/3/25 3:00,5694188.238
2018/3/25 4:00,3659926.067
2018/3/25 5:00,3487282.317
2018/3/25 6:00,3284592.633
2018/3/25 7:00,3471414.492
2018/3/25 8:00,4656625.107
2018/3/25 9:00,4199472.533
2018/3/25 10:00,4279791.85
2018/3/25 11:00,4527338.778
2018/3/25 12:00,3715261.783
2018/3/25 13:00,3138348.55
2018/3/25 14:00,2831979.383
2018/3/25 15:00,3449376.667
2018/3/25 16:00,3449231.967
2018/3/25 17:00,3782894.533
2018/3/25 18:00,5172327.136
2018/3/25 19:00,4852383.782
2018/3/25 20:00,4966495.417
2018/3/25 21:00,2938137.533
2018/3/25 22:00,3015038.55
2018/3/25 23:00,3269027.417
2018/3/26 0:00,3373070.983
2018/3/26 1:00,3808575.783
2018/3/26 2:00,3311262.867
2018/3/26 3:00,3071284.283
2018/3/26 4:00,4902806.482
2018/3/26 5:00,2026921.25
2018/3/26 6:00,3407782.1
2018/3/26 7:00,4265410.136
2018/3/26 8:00,2265030.3
2018/3/26 9:00,3108981.533
2018/3/26 10:00,3828381.069
2018/3/26 11:00,4601113.167
2018/3/26 12:00,3457039.883
2018/3/26 13:00,1610128.45
2018/3/26 14:00,3196397.367
2018/3/26 15:00,2823926.717
2018/3/26 16:00,3603403.203
2018/3/26 17:00,3819865.183
2018/3/26 18:00,4502552.552
2018/3/26 19:00,3735308.684
2018/3/26 20:00,3843224.2
2018/3/26 21:00,3881188.933
2018/3/26 22:00,3327549.018
2018/3/26 23:00,3416704.789
2018/3/27 0:00,4971665.321
2018/3/27 1:00,4540598.684
2018/3/27 2:00,2914228.083
2018/3/27 3:00,2222718.983
2018/3/27 4:00,4118890.754
2018/3/27 5:00,2671322.45
2018/3/27 6:00,2582581.383
2018/3/27 7:00,2697984.9
2018/3/27 8:00,2288279.667
2018/3/27 9:00,1841223.033
2018/3/27 10:00,3223565.25
2018/3/27 11:00,3587504.067
2018/3/27 12:00,3321810.767
2018/3/27 13:00,3092917.183
2018/3/27 14:00,2430755.603
2018/3/27 15:00,5055191.944
2018/3/27 16:00,4148441.643
2018/3/27 17:00,5470019.207
2018/3/27 18:00,4140958.7
2018/3/27 19:00,3732311.6
2018/3/27 20:00,4790665.089
2018/3/27 21:00,3082667.8
2018/3/27 22:00,3392037.717
2018/3/27 23:00,2953004.25
2018/3/28 0:00,4320186.552
2018/3/28 1:00,5280077.6
2018/3/28 2:00,5255376.5
2018/3/28 3:00,4483145.151
2018/3/28 4:00,4433316.267
2018/3/28 5:00,3118935.45
2018/3/28 6:00,2559548.567
2018/3/28 7:00,4164472.169
2018/3/28 8:00,3499939.833
2018/3/28 9:00,3928810.417
2018/3/28 10:00,5864796.04
2018/3/28 11:00,4935612.964
2018/3/28 12:00,4598462.882
2018/3/28 13:00,4853397.965
2018/3/28 14:00,4740722.929
2018/3/28 15:00,4800687.898
2018/3/28 16:00,5259695.867
2018/3/28 17:00,4848863.946
2018/3/28 18:00,4602080.712
2018/3/28 19:00,4347041.475
2018/3/28 20:00,4545407.789
2018/3/28 21:00,3761819.5
2018/3/28 22:00,5046787.923
2018/3/28 23:00,4721372.424
2018/3/29 0:00,4575855.6
2018/3/29 1:00,4076791.525
2018/3/29 2:00,5277964.532
2018/3/29 3:00,4039241.458
2018/3/29 4:00,4436533.512
2018/3/29 5:00,3098191.317
2018/3/29 6:00,3857445.5
2018/3/29 7:00,2730663.05
2018/3/29 8:00,3836346.517
2018/3/29 9:00,5219513.788
2018/3/29 10:00,3669851.966
2018/3/29 11:00,4203516.474
2018/3/29 12:00,5024243.528
2018/3/29 13:00,4549187.882
2018/3/29 14:00,5703527.962
2018/3/29 15:00,4881490.821
2018/3/29 16:00,4466771.25
2018/3/29 17:00,3830359.39
2018/3/29 18:00,5129335.518
2018/3/29 19:00,4628392.3
2018/3/29 20:00,2385938.143
2018/3/29 21:00,4016432.429
2018/3/29 22:00,2992538.583
2018/3/29 23:00,3270115.883
2018/3/30 0:00,3137099.65
2018/3/30 1:00,2340629.433
2018/3/30 2:00,3406136.067
2018/3/30 3:00,3654166.35
2018/3/30 4:00,3160553.817
2018/3/30 5:00,3264621.35
2018/3/30 6:00,3756263.683
2018/3/30 7:00,3210605.983
2018/3/30 8:00,2464074.533
2018/3/30 9:00,3337291.517
2018/3/30 10:00,2484499.133
2018/3/30 11:00,3821424.7
2018/3/30 12:00,4161958.6
2018/3/30 13:00,2852225.683
2018/3/30 14:00,2995583
2018/3/30 15:00,2311540.733
2018/3/30 16:00,3098845.433
2018/3/30 17:00,2099242.533
2018/3/30 18:00,4380810.944
2018/3/30 19:00,4768904.741
2018/3/30 20:00,4840876.86
2018/3/30 21:00,3975277.763
2018/3/30 22:00,4888147.744
2018/3/30 23:00,4096737.02
2018/3/31 0:00,3001180.407
2018/3/31 1:00,3324682.967
2018/3/31 2:00,4134327
2018/3/31 3:00,4339206.983
2018/3/31 4:00,4736081.983
2018/3/31 5:00,5256683.914
2018/3/31 6:00,3424809.317
2018/3/31 7:00,2952671.75
2018/3/31 8:00,3204903.083
2018/3/31 9:00,4409272.283
2018/3/31 10:00,4120746.083
2018/3/31 11:00,4226682.418
2018/3/31 12:00,5445766.091
2018/3/31 13:00,5468998.345
2018/3/31 14:00,4000475.867
2018/3/31 15:00,4595123.22
2018/3/31 16:00,4855311.653
2018/3/31 17:00,3414568.85
2018/3/31 18:00,5713797.919
2018/3/31 19:00,4715997.893
2018/3/31 20:00,3046286.233
2018/3/31 21:00,3472509.596
2018/3/31 22:00,4959340.927
2018/3/31 23:00,4966960.286
2018/4/1 0:00,3787997.55
2018/4/1 1:00,4086948.3
2018/4/1 2:00,5942315.682
2018/4/1 3:00,4307483.22
2018/4/1 4:00,3255497.917
2018/4/1 5:00,2343583.15
2018/4/1 6:00,2032799.617
2018/4/1 7:00,2738561.1
2018/4/1 8:00,2808697.283
2018/4/1 9:00,3496393.933
2018/4/1 10:00,3613247.733
2018/4/1 11:00,1973047.533
2018/4/1 12:00,2874940.167
2018/4/1 13:00,2694186.633
2018/4/1 14:00,1803970.717
2018/4/1 15:00,3540066.983
2018/4/1 16:00,2405968.833
2018/4/1 17:00,2799490.083
2018/4/1 18:00,2484816.333
2018/4/1 19:00,2604578.833
2018/4/1 20:00,3283333.932
2018/4/1 21:00,3013115.379
2018/4/1 22:00,2301984.9
2018/4/1 23:00,3502099.85
2018/4/2 0:00,4750136.949
2018/4/2 1:00,3939091.35
2018/4/2 2:00,3937426.237
2018/4/2 3:00,3111518.333
2018/4/2 4:00,3399107.967
2018/4/2 5:00,2605196.417
2018/4/2 6:00,1837463.75
2018/4/2 7:00,2620429.467
2018/4/2 8:00,2236928.583
2018/4/2 9:00,2669206
2018/4/2 10:00,3489762.35
2018/4/2 11:00,3753860.133
2018/4/2 12:00,2225993.517
2018/4/2 13:00,3331768.367
2018/4/2 14:00,2920357.867
2018/4/2 15:00,3179428.3
2018/4/2 16:00,2662329.117
2018/4/2 17:00,2624406.35
2018/4/2 18:00,4129562.6
2018/4/2 19:00,3317853.533
2018/4/2 20:00,2949712.95
2018/4/2 21:00,3232004.933
2018/4/2 22:00,3310365.5
2018/4/2 23:00,2710859.367
2018/4/3 0:00,3040705.3
2018/4/3 1:00,2841985.983
2018/4/3 2:00,4204038.808
2018/4/3 3:00,3828555.817
2018/4/3 4:00,4124816.433
2018/4/3 5:00,2923952.617
2018/4/3 6:00,3221693.7
2018/4/3 7:00,2813855.583
2018/4/3 8:00,1699963.867
2018/4/3 9:00,3729705.033
2018/4/3 10:00,2828408.6
2018/4/3 11:00,3718610.433
2018/4/3 12:00,3313286.433
2018/4/3 13:00,2847313.667
2018/4/3 14:00,1824997.2
2018/4/3 15:00,2639748.7
2018/4/3 16:00,3211164.39
2018/4/3 17:00,2453957.417
2018/4/3 18:00,4159732.729
2018/4/3 19:00,4708946.944
2018/4/3 20:00,3507163.3
2018/4/3 21:00,2577630.917
2018/4/3 22:00,2327176.833
2018/4/3 23:00,1928684.783
2018/4/4 0:00,1410015.283
2018/4/4 1:00,3298322.017
2018/4/4 2:00,3613063.317
2018/4/4 3:00,3650590.733
2018/4/4 4:00,2677298.3
2018/4/4 5:00,1456183.083
2018/4/4 6:00,2044535.683
2018/4/4 7:00,1805466.933
2018/4/4 8:00,3059375.883
2018/4/4 9:00,2762762.65
2018/4/4 10:00,3730753.817
2018/4/4 11:00,2475362
2018/4/4 12:00,3899425.213
2018/4/4 13:00,2453606.5
2018/4/4 14:00,2731132.217
2018/4/4 15:00,2676270.583
2018/4/4 16:00,2896941
2018/4/4 17:00,4587681.491
2018/4/4 18:00,4882302.75
2018/4/4 19:00,4796433.347
2018/4/4 20:00,5034735.61
2018/4/4 21:00,3348890.433
2018/4/4 22:00,3107283.833
2018/4/4 23:00,4283915.417
2018/4/5 0:00,5014544.767
2018/4/5 1:00,4893271.393
2018/4/5 2:00,4570111.383
2018/4/5 3:00,2530501.1
2018/4/5 4:00,3460140.117
2018/4/5 5:00,3071507.083
2018/4/5 6:00,2564543.95
2018/4/5 7:00,2354499.867
2018/4/5 8:00,1141473.483
2018/4/5 9:00,1462857.733
2018/4/5 10:00,1105123.967
2018/4/5 11:00,2538300
2018/4/5 12:00,2146996.833
2018/4/5 13:00,2753537.95
2018/4/5 14:00,4635746.617
2018/4/5 15:00,4021485.433
2018/4/5 16:00,3174872.883
2018/4/5 17:00,4004497.117
2018/4/5 18:00,3090450.25
2018/4/5 19:00,3563859.017
2018/4/5 20:00,2450480.305
2018/4/5 21:00,2473669.983
2018/4/5 22:00,3387442.167
2018/4/5 23:00,2319655.083
2018/4/6 0:00,2079032.35
2018/4/6 1:00,1708647.783
2018/4/6 2:00,3598300.617
2018/4/6 3:00,2508564.5
2018/4/6 4:00,2284052.183
2018/4/6 5:00,3301254.45
2018/4/6 6:00,2271778.467
2018/4/6 7:00,3821504.5
2018/4/6 8:00,1722472.5
2018/4/6 9:00,2179703.567
2018/4/6 10:00,2757632.05
2018/4/6 11:00,2278862.633
2018/4/6 12:00,2471289.467
2018/4/6 13:00,4710044.267
2018/4/6 14:00,2340940.583
2018/4/6 15:00,1763505.583
2018/4/6 16:00,1680187.917
2018/4/6 17:00,2177831.417
2018/4/6 18:00,2510665.883
2018/4/6 19:00,4005331.844
2018/4/6 20:00,3195705.436
2018/4/6 21:00,2590522.833
2018/4/6 22:00,2219100.05
2018/4/6 23:00,3144993.8
2018/4/7 0:00,2882547.5
2018/4/7 1:00,3376569.483
2018/4/7 2:00,3053071.933
2018/4/7 3:00,2930541.167
2018/4/7 4:00,1893764.05
2018/4/7 5:00,2457730.85
2018/4/7 6:00,2014446.767
2018/4/7 7:00,1689297.433
2018/4/7 8:00,936999.1333
2018/4/7 9:00,2392762.15
2018/4/7 10:00,2219964.767
2018/4/7 11:00,2562773.317
2018/4/7 12:00,1959952.9
2018/4/7 13:00,2339959.683
2018/4/7 14:00,2243988.433
2018/4/7 15:00,3074234.05
2018/4/7 16:00,3241953.661
2018/4/7 17:00,2935548.883
2018/4/7 18:00,1448369.367
2018/4/7 19:00,749733.1333
2018/4/7 20:00,2087627.567
2018/4/7 21:00,2052071.033
2018/4/7 22:00,2410469.783
2018/4/7 23:00,1918902.917
2018/4/8 0:00,1773087.017
2018/4/8 1:00,1640903.017
2018/4/8 2:00,3296517.917
2018/4/8 3:00,3283148.034
2018/4/8 4:00,2890063.467
2018/4/8 5:00,3387659.121
2018/4/8 6:00,2117070.583
2018/4/8 7:00,1550534.717
2018/4/8 8:00,1520909.717
2018/4/8 9:00,2124867.15
2018/4/8 10:00,2660515.119
2018/4/8 11:00,2113201.6
2018/4/8 12:00,1739492.617
2018/4/8 13:00,3462218.133
2018/4/8 14:00,2499686.5
2018/4/8 15:00,2145568.433
2018/4/8 16:00,2459951.678
2018/4/8 17:00,3122789.483
2018/4/8 18:00,2742544.559
2018/4/8 19:00,3096012.717
2018/4/8 20:00,3597204.119
2018/4/8 21:00,2124550.083
2018/4/8 22:00,2242548.85
2018/4/8 23:00,2106656.35
2018/4/9 0:00,2040300.9
2018/4/9 1:00,2679499.617
2018/4/9 2:00,3072305.3
2018/4/9 3:00,2107191.733
2018/4/9 4:00,1890118.7
2018/4/9 5:00,2388537.367
2018/4/9 6:00,1269004.383
2018/4/9 7:00,2483617.633
2018/4/9 8:00,2216595.683
2018/4/9 9:00,3140076.267
2018/4/9 10:00,2838698.317
2018/4/9 11:00,3448879.417
2018/4/9 12:00,3842777.567
2018/4/9 13:00,3783445.25
2018/4/9 14:00,3694765.2
2018/4/9 15:00,3935264.709
2018/4/9 16:00,3426310.083
2018/4/9 17:00,4240993.967
2018/4/9 18:00,3897113.75
2018/4/9 19:00,4202133.683
2018/4/9 20:00,3802287.933
2018/4/9 21:00,2999727.733
2018/4/9 22:00,4596105.073
2018/4/9 23:00,3332578.083
2018/4/10 0:00,4606450.783
2018/4/10 1:00,4043180.983
2018/4/10 2:00,5161374.1
2018/4/10 3:00,4284739.2
2018/4/10 4:00,4314584.533
2018/4/10 5:00,4305490.31
2018/4/10 6:00,2902138.717
2018/4/10 7:00,2784951.7
2018/4/10 8:00,3781467.712
2018/4/10 9:00,4068859.967
2018/4/10 10:00,3781395.933
2018/4/10 11:00,3431069.517
2018/4/10 12:00,2688894.083
2018/4/10 13:00,1440507.533
2018/4/10 14:00,3617676.717
2018/4/10 15:00,3685287.017
2018/4/10 16:00,2515548.583
2018/4/10 17:00,3231743.433
2018/4/10 18:00,4420219.283
2018/4/10 19:00,4565004.283
2018/4/10 20:00,3537528.8
2018/4/10 21:00,4223104.552
2018/4/10 22:00,4088515.379
2018/4/10 23:00,4330348.127
2018/4/11 0:00,3910067.534
2018/4/11 1:00,3332794.683
2018/4/11 2:00,4420348.833
2018/4/11 3:00,3345777.667
2018/4/11 4:00,5301369.089
2018/4/11 5:00,3454121.417
2018/4/11 6:00,2496921.1
2018/4/11 7:00,2603702.283
2018/4/11 8:00,2745280.767
2018/4/11 9:00,2811699.55
2018/4/11 10:00,3610598.083
2018/4/11 11:00,3888136.617
2018/4/11 12:00,2964860.717
2018/4/11 13:00,4798403.576
2018/4/11 14:00,3252204.2
2018/4/11 15:00,3565301.183
2018/4/11 16:00,4118331
2018/4/11 17:00,3155585.45
2018/4/11 18:00,3177959.317
2018/4/11 19:00,4143720.034
2018/4/11 20:00,4028183.933
2018/4/11 21:00,3384382.102
2018/4/11 22:00,4395195.683
2018/4/11 23:00,1447891.05
2018/4/12 0:00,3149332.367
2018/4/12 1:00,2845585.517
2018/4/12 2:00,2631670.183
2018/4/12 3:00,3753237.867
2018/4/12 4:00,4321917.017
2018/4/12 5:00,2239057.9
2018/4/12 6:00,2394169.754
2018/4/12 7:00,2056077.917
2018/4/12 8:00,3708328.983
2018/4/12 9:00,4020220.644
2018/4/12 10:00,3008185.65
2018/4/12 11:00,2967245.517
2018/4/12 12:00,4289166.933
2018/4/12 13:00,3689621.492
2018/4/12 14:00,3976558.767
2018/4/12 15:00,3841290.814
2018/4/12 16:00,4344953.281
2018/4/12 17:00,2222332.25
2018/4/12 18:00,1981302.033
2018/4/12 19:00,2422628.867
2018/4/12 20:00,3184326.733
2018/4/12 21:00,3120995.683
2018/4/12 22:00,3565289.542
2018/4/12 23:00,2592546.2
2018/4/13 0:00,1400473.4
2018/4/13 1:00,3293912.15
2018/4/13 2:00,4234462.881
2018/4/13 3:00,4895627.241
2018/4/13 4:00,2730195.25
2018/4/13 5:00,2369865.267
2018/4/13 6:00,1721364.533
2018/4/13 7:00,2668728.55
2018/4/13 8:00,3191712.167
2018/4/13 9:00,4126221.033
2018/4/13 10:00,4199225.237
2018/4/13 11:00,3367247.233
2018/4/13 12:00,4450982.356
2018/4/13 13:00,3514108.45
2018/4/13 14:00,3045434.067
2018/4/13 15:00,3424603.083
2018/4/13 16:00,4356382.932
2018/4/13 17:00,4551269.8
2018/4/13 18:00,3934002.455
2018/4/13 19:00,3132637.033
2018/4/13 20:00,4532017.367
2018/4/13 21:00,2526616.55
2018/4/13 22:00,2039609.2
2018/4/13 23:00,2482070.083
2018/4/14 0:00,2373425.617
2018/4/14 1:00,2659968.383
2018/4/14 2:00,4279829.614
2018/4/14 3:00,3650702.683
2018/4/14 4:00,2867494.583
2018/4/14 5:00,2667692.475
2018/4/14 6:00,3052212.45
2018/4/14 7:00,2415344.3
2018/4/14 8:00,1424621.417
2018/4/14 9:00,2077376
2018/4/14 10:00,3110111.317
2018/4/14 11:00,3581321.895
2018/4/14 12:00,3474489.729
2018/4/14 13:00,2962347.273
2018/4/14 14:00,3588725.074
2018/4/14 15:00,3817865.849
2018/4/14 16:00,3968127.897
2018/4/14 17:00,3219033.305
2018/4/14 18:00,3227506.633
2018/4/14 19:00,2748489.217
2018/4/14 20:00,4008692.7
2018/4/14 21:00,2907803.35
2018/4/14 22:00,3171926.81
2018/4/14 23:00,2786210.4
2018/4/15 0:00,3181356.15
2018/4/15 1:00,3295914.4
2018/4/15 2:00,4129925.567
2018/4/15 3:00,4214679.133
2018/4/15 4:00,4357317.867
2018/4/15 5:00,4611494.717
2018/4/15 6:00,5099003.895
2018/4/15 7:00,3019008.8
2018/4/15 8:00,2303126.983
2018/4/15 9:00,3058011.8
2018/4/15 10:00,4116766.45
2018/4/15 11:00,3415472.7
2018/4/15 12:00,2702200.083
2018/4/15 13:00,3095271.966
2018/4/15 14:00,3801319.983
2018/4/15 15:00,2628023.683
2018/4/15 16:00,4717095.783
2018/4/15 17:00,3735910.683
2018/4/15 18:00,4165553.528
2018/4/15 19:00,3355286.852
2018/4/15 20:00,4240512.717
2018/4/15 21:00,4201097.175
2018/4/15 22:00,1531395.317
2018/4/15 23:00,2982778.717
2018/4/16 0:00,3201601.417
2018/4/16 1:00,3077885.033
2018/4/16 2:00,4344425.804
2018/4/16 3:00,3474844.733
2018/4/16 4:00,4262212.367
2018/4/16 5:00,1879116.1
2018/4/16 6:00,3046570.5
2018/4/16 7:00,1541227.967
2018/4/16 8:00,2896729.267
2018/4/16 9:00,2598471.2
2018/4/16 10:00,3749015.283
2018/4/16 11:00,3926303.684
2018/4/16 12:00,3246438.117
2018/4/16 13:00,4488966.4
2018/4/16 14:00,3911401.411
2018/4/16 15:00,3870277.7
2018/4/16 16:00,4360947.983
2018/4/16 17:00,3632284.05
2018/4/16 18:00,4460932.367
2018/4/16 19:00,5581637.536
2018/4/16 20:00,4959313.067
2018/4/16 21:00,4886801.179
2018/4/16 22:00,4739158.704
2018/4/16 23:00,2988439.633
2018/4/17 0:00,3098903.917
2018/4/17 1:00,3470538.233
2018/4/17 2:00,5590055.596
2018/4/17 3:00,3790991.283
2018/4/17 4:00,3416108.967
2018/4/17 5:00,2306148.167
2018/4/17 6:00,2572644.233
2018/4/17 7:00,2226388.583
2018/4/17 8:00,3592435.133
2018/4/17 9:00,4164758.433
2018/4/17 10:00,3246992.783
2018/4/17 11:00,3840179.75
2018/4/17 12:00,3703582.983
2018/4/17 13:00,3817543.083
2018/4/17 14:00,4019553.667
2018/4/17 15:00,3948150.217
2018/4/17 16:00,4215627.983
2018/4/17 17:00,4354812.237
2018/4/17 18:00,3418434.633
2018/4/17 19:00,4755015.5
2018/4/17 20:00,5330465.321
2018/4/17 21:00,2831140.467
2018/4/17 22:00,4203846.136
2018/4/17 23:00,2874794.267
2018/4/18 0:00,3828880.767
2018/4/18 1:00,3941799.767
2018/4/18 2:00,2731407.283
2018/4/18 3:00,3029024.7
2018/4/18 4:00,3296703.55
2018/4/18 5:00,2522798.3
2018/4/18 6:00,3047378.283
2018/4/18 7:00,3186455.817
2018/4/18 8:00,3064248.75
2018/4/18 9:00,4241996.211
2018/4/18 10:00,4417025.566
2018/4/18 11:00,4479836.596
2018/4/18 12:00,5013711.286
2018/4/18 13:00,2249107.283
2018/4/18 14:00,3250939.417
2018/4/18 15:00,3540465.85
2018/4/18 16:00,2524344.85
2018/4/18 17:00,2580513.05
2018/4/18 18:00,3836436.6
2018/4/18 19:00,4131841.317
2018/4/18 20:00,3890341.61
2018/4/18 21:00,4586085.576
2018/4/18 22:00,2507284.8
2018/4/18 23:00,2606457.75
2018/4/19 0:00,2853066.583
2018/4/19 1:00,2475818.017
2018/4/19 2:00,3553749.627
2018/4/19 3:00,3914117.2
2018/4/19 4:00,5298142.207
2018/4/19 5:00,4457911.05
2018/4/19 6:00,3379087.317
2018/4/19 7:00,2668567.2
2018/4/19 8:00,1855680.217
2018/4/19 9:00,2667002.55
2018/4/19 10:00,4188138.633
2018/4/19 11:00,2407014
2018/4/19 12:00,3955902.433
2018/4/19 13:00,1612426.283
2018/4/19 14:00,2339184.367
2018/4/19 15:00,3899462.051
2018/4/19 16:00,3015103.317
2018/4/19 17:00,3308592.7
2018/4/19 18:00,3030778
2018/4/19 19:00,3803698.737
2018/4/19 20:00,4030602.817
2018/4/19 21:00,3133157.1
2018/4/19 22:00,3775092.033
2018/4/19 23:00,5069837.4
2018/4/20 0:00,2660673.367
2018/4/20 1:00,4367382.379
2018/4/20 2:00,4771465.8
2018/4/20 3:00,3553009
2018/4/20 4:00,2585519.517
2018/4/20 5:00,2309609.967
2018/4/20 6:00,2274322.1
2018/4/20 7:00,3756332.667
2018/4/20 8:00,3986771.179
2018/4/20 9:00,3340083.917
2018/4/20 10:00,2510190.5
2018/4/20 11:00,3831148.567
2018/4/20 12:00,4304170
2018/4/20 13:00,3387301.55
2018/4/20 14:00,1892443.9
2018/4/20 15:00,3930643.929
2018/4/20 16:00,3379235.05
2018/4/20 17:00,2850304.967
2018/4/20 18:00,4771627.018
2018/4/20 19:00,3222266.033
2018/4/20 20:00,2632610.8
2018/4/20 21:00,2399144.833
2018/4/20 22:00,3765002.7
2018/4/20 23:00,1232138.1
2018/4/21 0:00,3059608.917
2018/4/21 1:00,3031620.717
2018/4/21 2:00,3131212.667
2018/4/21 3:00,3610450.807
2018/4/21 4:00,2402963.783
2018/4/21 5:00,3561450.85
2018/4/21 6:00,2760980.367
2018/4/21 7:00,3543713.797
2018/4/21 8:00,1553933.4
2018/4/21 9:00,3518512.217
2018/4/21 10:00,3008742.533
2018/4/21 11:00,3312454
2018/4/21 12:00,3442169.55
2018/4/21 13:00,1978416.35
2018/4/21 14:00,3833270.2
2018/4/21 15:00,4368509.707
2018/4/21 16:00,2552304.117
2018/4/21 17:00,4797185.508
2018/4/21 18:00,3199752.883
2018/4/21 19:00,3763006.678
2018/4/21 20:00,2543968.883
2018/4/21 21:00,3937050.367
2018/4/21 22:00,3928731.017
2018/4/21 23:00,1463713.433
2018/4/22 0:00,2821598.033
2018/4/22 1:00,3810960.214
2018/4/22 2:00,5132209.034
2018/4/22 3:00,3236542
2018/4/22 4:00,2397827.1
2018/4/22 5:00,2399369.817
2018/4/22 6:00,2960747.683
2018/4/22 7:00,1512292.25
2018/4/22 8:00,2524890.898
2018/4/22 9:00,2885044.55
2018/4/22 10:00,3228516.517
2018/4/22 11:00,2262407.283
2018/4/22 12:00,2879688.283
2018/4/22 13:00,3472759.102
2018/4/22 14:00,3013904.583
2018/4/22 15:00,1792261.117
2018/4/22 16:00,2879271.25
2018/4/22 17:00,2294905.474
2018/4/22 18:00,2845053.833
2018/4/22 19:00,3070417.983
2018/4/22 20:00,4349898.814
2018/4/22 21:00,3556050.936
2018/4/22 22:00,2988318.167
2018/4/22 23:00,2222153.7
2018/4/23 0:00,3469838.95
2018/4/23 1:00,3612217.183
2018/4/23 2:00,2856586.767
2018/4/23 3:00,2525038.9
2018/4/23 4:00,3078251.817
2018/4/23 5:00,2715259.333
2018/4/23 6:00,3763675.533
2018/4/23 7:00,3753337.283
2018/4/23 8:00,3160733.167
2018/4/23 9:00,3890241.133
2018/4/23 10:00,3047284.6
2018/4/23 11:00,2550681.35
2018/4/23 12:00,4286130.714
2018/4/23 13:00,2875487.283
2018/4/23 14:00,2407468.533
2018/4/23 15:00,2313869.683
2018/4/23 16:00,2814861.458
2018/4/23 17:00,2088030.867
2018/4/23 18:00,2187486.316
2018/4/23 19:00,2752096.55
2018/4/23 20:00,2570218.433
2018/4/23 21:00,1988721.967
2018/4/23 22:00,2766550.75
2018/4/23 23:00,1350088.133
2018/4/24 0:00,1772994.9
2018/4/24 1:00,1386581
2018/4/24 2:00,3560994.533
2018/4/24 3:00,2687312.817
2018/4/24 4:00,2722126.167
2018/4/24 5:00,2530346.033
2018/4/24 6:00,2875585.75
2018/4/24 7:00,3190078.167
2018/4/24 8:00,3024376.433
2018/4/24 9:00,2771697.633
2018/4/24 10:00,1999760.5
2018/4/24 11:00,2348649.467
2018/4/24 12:00,2856008.683
2018/4/24 13:00,3170697.8
2018/4/24 14:00,3804404
2018/4/24 15:00,3541180.4
2018/4/24 16:00,4088115.433
2018/4/24 17:00,2290007.633
2018/4/24 18:00,3459581.483
2018/4/24 19:00,1847223.85
2018/4/24 20:00,2701285.083
2018/4/24 21:00,2886650.9
2018/4/24 22:00,2577451.633
2018/4/24 23:00,2134862.109
2018/4/25 0:00,3362186.667
2018/4/25 1:00,3029147.9
2018/4/25 2:00,4192339.867
2018/4/25 3:00,3587979.117
2018/4/25 4:00,3425911.017
2018/4/25 5:00,2661749.8
2018/4/25 6:00,2148439.917
2018/4/25 7:00,2353805.233
2018/4/25 8:00,3461597.7
2018/4/25 9:00,3534730.75
2018/4/25 10:00,2534465.367
2018/4/25 11:00,4288444.288
2018/4/25 12:00,3160013.033
2018/4/25 13:00,2807394.383
2018/4/25 14:00,3697280.393
2018/4/25 15:00,3266538.233
2018/4/25 16:00,3968696.404
2018/4/25 17:00,2854834.083
2018/4/25 18:00,2282603.05
2018/4/25 19:00,1308633.95
2018/4/25 20:00,1894813.583
2018/4/25 21:00,1168716.5
2018/4/25 22:00,1870953.767
2018/4/25 23:00,1634709.233
2018/4/26 0:00,3586734.767
2018/4/26 1:00,2634304.95
2018/4/26 2:00,3497615.917
2018/4/26 3:00,3365881.133
2018/4/26 4:00,3273494.717
2018/4/26 5:00,2846535.133
2018/4/26 6:00,2549691.25
2018/4/26 7:00,2436016.483
2018/4/26 8:00,3810557.593
2018/4/26 9:00,3707841.644
2018/4/26 10:00,2920168.383
2018/4/26 11:00,3754575.707
2018/4/26 12:00,4000464.552
2018/4/26 13:00,2203113.817
2018/4/26 14:00,1704894.867
2018/4/26 15:00,2788698.627
2018/4/26 16:00,4278309.185
2018/4/26 17:00,3040946.375
2018/4/26 18:00,2341577.8
2018/4/26 19:00,2688970.767
2018/4/26 20:00,3452881.2
2018/4/26 21:00,3423417.167
2018/4/26 22:00,3462258.467
2018/4/26 23:00,3321924.667
2018/4/27 0:00,3348787.467
2018/4/27 1:00,2697446.167
2018/4/27 2:00,2091369.383
2018/4/27 3:00,2674629.517
2018/4/27 4:00,2534392.983
2018/4/27 5:00,3846306.217
2018/4/27 6:00,2455535.8
2018/4/27 7:00,2851802.517
2018/4/27 8:00,3622400.491
2018/4/27 9:00,3026391.417
2018/4/27 10:00,3841614.9
2018/4/27 11:00,4086287.446
2018/4/27 12:00,4086919.96
2018/4/27 13:00,4275571.966
2018/4/27 14:00,4063984.966
2018/4/27 15:00,3613257.393
2018/4/27 16:00,3965853.85
2018/4/27 17:00,2188796.271
2018/4/27 18:00,3793831.3
2018/4/27 19:00,2768565.37
2018/4/27 20:00,2672038.583
2018/4/27 21:00,2256099.1
2018/4/27 22:00,1422941.067
2018/4/27 23:00,2193384.15
2018/4/28 0:00,3626118.233
2018/4/28 1:00,4327431.932
2018/4/28 2:00,4565050.927
2018/4/28 3:00,3131739.2
2018/4/28 4:00,3062924.2
2018/4/28 5:00,2130857.4
2018/4/28 6:00,2616872.55
2018/4/28 7:00,2583446.167
2018/4/28 8:00,2661276.424
2018/4/28 9:00,4573467.621
2018/4/28 10:00,5005387.907
2018/4/28 11:00,3526801.567
2018/4/28 12:00,4039937.373
2018/4/28 13:00,2912708.817
2018/4/28 14:00,4714242.509
2018/4/28 15:00,4661253.542
2018/4/28 16:00,3139011.517
2018/4/28 17:00,2062672.833
2018/4/28 18:00,3827763.5
2018/4/28 19:00,2273318.617
2018/4/28 20:00,2780261.9
2018/4/28 21:00,2118594.1
2018/4/28 22:00,2920455.517
2018/4/28 23:00,2560478.367
2018/4/29 0:00,3176719.867
2018/4/29 1:00,3288197.5
2018/4/29 2:00,4349068.414
2018/4/29 3:00,3105537.867
2018/4/29 4:00,2367407.333
2018/4/29 5:00,2523494.583
2018/4/29 6:00,2202653.85
2018/4/29 7:00,2914348.133
2018/4/29 8:00,3014605.417
2018/4/29 9:00,5634752.204
2018/4/29 10:00,3562309.5
2018/4/29 11:00,3900434.6
2018/4/29 12:00,3468338.417
2018/4/29 13:00,4333653.417
2018/4/29 14:00,2406307.633
2018/4/29 15:00,2198295.883
2018/4/29 16:00,4654924.121
2018/4/29 17:00,4431270.091
2018/4/29 18:00,3896933.05
2018/4/29 19:00,2544576.667
2018/4/29 20:00,4094769.943
2018/4/29 21:00,3098093.833
2018/4/29 22:00,1728567.5
2018/4/29 23:00,2929466.95
2018/4/30 0:00,2456426.033
2018/4/30 1:00,2823241.617
2018/4/30 2:00,3205799
2018/4/30 3:00,2925058.467
2018/4/30 4:00,3072541.283
2018/4/30 5:00,3465688.233
2018/4/30 6:00,2194175.817
2018/4/30 7:00,3695084.136
2018/4/30 8:00,2721542.383
2018/4/30 9:00,3560488.567
2018/4/30 10:00,3354857.167
2018/4/30 11:00,4349165.333
2018/4/30 12:00,4444209.102
2018/4/30 13:00,4477859.466
2018/4/30 14:00,3782182.2
2018/4/30 15:00,4487822.61
2018/4/30 16:00,3038996
2018/4/30 17:00,4664262.339
2018/4/30 18:00,3377177.65
2018/4/30 19:00,2844200.508
2018/4/30 20:00,1825049.35
2018/4/30 21:00,1631349.7
2018/4/30 22:00,2396137.183
2018/4/30 23:00,1951806.7
2018/5/1 0:00,2866792.333
2018/5/1 1:00,3179883.424
2018/5/1 2:00,2748262.298
2018/5/1 3:00,1991706.35
2018/5/1 4:00,3069979.183
2018/5/1 5:00,3755517.196
2018/5/1 6:00,2716655.623
2018/5/1 7:00,3689255.186
2018/5/1 8:00,3068355.05
2018/5/1 9:00,3024439.729
2018/5/1 10:00,2116831.95
2018/5/1 11:00,2083263.167
2018/5/1 12:00,2193152.574
2018/5/1 13:00,1848663.61
2018/5/1 14:00,1759364.131
2018/5/1 15:00,2179403.322
2018/5/1 16:00,2610399.3
2018/5/1 17:00,2791852.883
2018/5/1 18:00,2175823.934
2018/5/1 19:00,3226198.283
2018/5/1 20:00,3490631.392
2018/5/1 21:00,2599792.683
2018/5/1 22:00,2977215.883
2018/5/1 23:00,2530436.414
2018/5/2 0:00,2408552.635
2018/5/2 1:00,2362633.517
2018/5/2 2:00,3303638.621
2018/5/2 3:00,1984513.8
2018/5/2 4:00,2361883.417
2018/5/2 5:00,2061763.917
2018/5/2 6:00,2002042.15
2018/5/2 7:00,3641414.35
2018/5/2 8:00,3021133.15
2018/5/2 9:00,5014073.158
2018/5/2 10:00,3617332.717
2018/5/2 11:00,3510759.186
2018/5/2 12:00,2743317
2018/5/2 13:00,1697207.383
2018/5/2 14:00,3411114.966
2018/5/2 15:00,2724009.55
2018/5/2 16:00,3180727.117
2018/5/2 17:00,1397666
2018/5/2 18:00,1847796
2018/5/2 19:00,1266842.441
2018/5/2 20:00,1640667.279
2018/5/2 21:00,2638675.683
2018/5/2 22:00,2476032.593
2018/5/2 23:00,2338401.833
2018/5/3 0:00,3272767.517
2018/5/3 1:00,1396635.183
2018/5/3 2:00,1722329.167
2018/5/3 3:00,1991588.271
2018/5/3 4:00,1621111.049
2018/5/3 5:00,1467032
2018/5/3 6:00,1681771.7
2018/5/3 7:00,2543611.525
2018/5/3 8:00,3096216.017
2018/5/3 9:00,2116429.661
2018/5/3 10:00,1530539.77
2018/5/3 11:00,2598468.661
2018/5/3 12:00,3183017.75
2018/5/3 13:00,2225414.467
2018/5/3 14:00,1821586.95
2018/5/3 15:00,2028972.267
2018/5/3 16:00,2507467.25
2018/5/3 17:00,2200177.267
2018/5/3 18:00,2770849.5
2018/5/3 19:00,2923092.017
2018/5/3 20:00,2171139.949
2018/5/3 21:00,3078035.869
2018/5/3 22:00,3215962.017
2018/5/3 23:00,2491842.733
2018/5/4 0:00,1942059.883
2018/5/4 1:00,2581725.117
2018/5/4 2:00,2524348.417
2018/5/4 3:00,1628303.4
2018/5/4 4:00,2735396.733
2018/5/4 5:00,1936315.317
2018/5/4 6:00,2236029.7
2018/5/4 7:00,1700400.333
2018/5/4 8:00,1833130.881
2018/5/4 9:00,1502938.8
2018/5/4 10:00,2898728.814
2018/5/4 11:00,3376171.717
2018/5/4 12:00,2139951.4
2018/5/4 13:00,2376949.625
2018/5/4 14:00,2926287.228
2018/5/4 15:00,3091732.133
2018/5/4 16:00,3583594.121
2018/5/4 17:00,2589638.052
2018/5/4 18:00,2203029.8
2018/5/4 19:00,2507524.345
2018/5/4 20:00,1642347.7
2018/5/4 21:00,2332519.033
2018/5/4 22:00,2170346.328
2018/5/4 23:00,1285894.967
2018/5/5 0:00,2762856.083
2018/5/5 1:00,2412684.508
2018/5/5 2:00,2583293.667
2018/5/5 3:00,2114828.733
2018/5/5 4:00,3340469.45
2018/5/5 5:00,2642930.583
2018/5/5 6:00,3153845.55
2018/5/5 7:00,2551674.5
2018/5/5 8:00,2250807.5
2018/5/5 9:00,2185325.783
2018/5/5 10:00,1874900.917
2018/5/5 11:00,2279251.559
2018/5/5 12:00,1593015.15
2018/5/5 13:00,2137596.233
2018/5/5 14:00,2460313.633
2018/5/5 15:00,1745039.183
2018/5/5 16:00,2153264.55
2018/5/5 17:00,1789119.617
2018/5/5 18:00,3347686.964
2018/5/5 19:00,2074666.633
2018/5/5 20:00,2654090.102
2018/5/5 21:00,2377134.59
2018/5/5 22:00,2420004.656
2018/5/5 23:00,1220234.525
2018/5/6 0:00,3003213.186
2018/5/6 1:00,2968480.333
2018/5/6 2:00,2925796.567
2018/5/6 3:00,2297064.017
2018/5/6 4:00,1951819.4
2018/5/6 5:00,1949887.267
2018/5/6 6:00,1797813.051
2018/5/6 7:00,1713546.934
2018/5/6 8:00,1454340.7
2018/5/6 9:00,2143846.433
2018/5/6 10:00,1807071
2018/5/6 11:00,2756995.644
2018/5/6 12:00,1955064.41
2018/5/6 13:00,2065442.467
2018/5/6 14:00,1138290.3
2018/5/6 15:00,1637708.475
2018/5/6 16:00,2324900.164
2018/5/6 17:00,1886673.8
2018/5/6 18:00,2445875.203
2018/5/6 19:00,1930087.492
2018/5/6 20:00,2334024.167
2018/5/6 21:00,2133600.426
2018/5/6 22:00,1735537.316
2018/5/6 23:00,1940178.443
2018/5/7 0:00,2328243.5
2018/5/7 1:00,2257258.533
2018/5/7 2:00,2279073.783
2018/5/7 3:00,1853440.5
2018/5/7 4:00,2466402.683
2018/5/7 5:00,2508468.317
2018/5/7 6:00,3134332.424
2018/5/7 7:00,2863704.77
2018/5/7 8:00,1600788.517
2018/5/7 9:00,1866139.8
2018/5/7 10:00,2286802.667
2018/5/7 11:00,2517230.217
2018/5/7 12:00,1976562.033
2018/5/7 13:00,1712712.667
2018/5/7 14:00,1460210.117
2018/5/7 15:00,2311216.033
2018/5/7 16:00,2887486.133
2018/5/7 17:00,1857447.05
2018/5/7 18:00,1281737.169
2018/5/7 19:00,1873895.246
2018/5/7 20:00,1799329.8
2018/5/7 21:00,1511635.1
2018/5/7 22:00,1195672.667
2018/5/7 23:00,1184842.475
2018/5/8 0:00,2407046.492
2018/5/8 1:00,2359198.508
2018/5/8 2:00,2565350.18
2018/5/8 3:00,1871169.567
2018/5/8 4:00,2398446.067
2018/5/8 5:00,1527927.983
2018/5/8 6:00,2780910.475
2018/5/8 7:00,2638342.083
2018/5/8 8:00,2288733.8
2018/5/8 9:00,2255686.458
2018/5/8 10:00,2411850.068
2018/5/8 11:00,1233582.839
2018/5/8 12:00,1599096.881
2018/5/8 13:00,1646051.467
2018/5/8 14:00,2766444.067
2018/5/8 15:00,2642281.35
2018/5/8 16:00,2812800.78
2018/5/8 17:00,1844643.672
2018/5/8 18:00,1818353.75
2018/5/8 19:00,750872.15
2018/5/8 20:00,1343295.533
2018/5/8 21:00,981269.2203
2018/5/8 22:00,912480.1639
2018/5/8 23:00,1495379.661
2018/5/9 0:00,2138759.322
2018/5/9 1:00,2886723.082
2018/5/9 2:00,2134571.05
2018/5/9 3:00,2249055.441
2018/5/9 4:00,1859582.2
2018/5/9 5:00,1237670.2
2018/5/9 6:00,1885228.333
2018/5/9 7:00,1809496.61
2018/5/9 8:00,1536659.475
2018/5/9 9:00,1542226.667
2018/5/9 10:00,2493779.917
2018/5/9 11:00,1394694.407
2018/5/9 12:00,1789053.213
2018/5/9 13:00,2376600.833
2018/5/9 14:00,1764981.35
2018/5/9 15:00,2391201.424
2018/5/9 16:00,3762576.754
2018/5/9 17:00,2056054.417
2018/5/9 18:00,1536423.085
2018/5/9 19:00,2400009.333
2018/5/9 20:00,2280986.639
2018/5/9 21:00,2334732.542
2018/5/9 22:00,805975.5333
2018/5/9 23:00,990376.1695
2018/5/10 0:00,2759124.517
2018/5/10 1:00,2011732.833
2018/5/10 2:00,2044623.767
2018/5/10 3:00,1291983.933
2018/5/10 4:00,2470156.559
2018/5/10 5:00,2033974.934
2018/5/10 6:00,2351041.433
2018/5/10 7:00,2819475.317
2018/5/10 8:00,2636384.417
2018/5/10 9:00,1855581.833
2018/5/10 10:00,1933361.233
2018/5/10 11:00,1767309.542
2018/5/10 12:00,1921169.328
2018/5/10 13:00,1590640.833
2018/5/10 14:00,2368528.517
2018/5/10 15:00,3334102.946
2018/5/10 16:00,4146087.98
2018/5/10 17:00,3120110.404
2018/5/10 18:00,2456418.467
2018/5/10 19:00,1584577.2
2018/5/10 20:00,2248727.017
2018/5/10 21:00,1206947.017
2018/5/10 22:00,1658434.817
2018/5/10 23:00,848692.1833
2018/5/11 0:00,1821341.678
2018/5/11 1:00,1791444.934
2018/5/11 2:00,2849240.333
2018/5/11 3:00,1649396.117
2018/5/11 4:00,2124180.633
2018/5/11 5:00,3116404.917
2018/5/11 6:00,2909149.467
2018/5/11 7:00,3740496.2
2018/5/11 8:00,2014926.167
2018/5/11 9:00,2146198.719
2018/5/11 10:00,2278674.433
2018/5/11 11:00,3154323.424
2018/5/11 12:00,2896503.627
2018/5/11 13:00,1719440.617
2018/5/11 14:00,2722248.754
2018/5/11 15:00,2260773.707
2018/5/11 16:00,1806437.085
2018/5/11 17:00,3112110.776
2018/5/11 18:00,2329064.783
2018/5/11 19:00,2141042.2
2018/5/11 20:00,1800109.78
2018/5/11 21:00,1686048.705
2018/5/11 22:00,899136.4237
2018/5/11 23:00,1415725.2
2018/5/12 0:00,1730594.169
2018/5/12 1:00,1703243.017
2018/5/12 2:00,1865684.25
2018/5/12 3:00,2466204.311
2018/5/12 4:00,2177015.322
2018/5/12 5:00,1883434.017
2018/5/12 6:00,2115903.133
2018/5/12 7:00,3411396.607
2018/5/12 8:00,1924477.7
2018/5/12 9:00,570886.7627
2018/5/12 10:00,1072722.148
2018/5/12 11:00,1289041.967
2018/5/12 12:00,1159192.831
2018/5/12 13:00,848043.4516
2018/5/12 14:00,1595547.322
2018/5/12 15:00,1506921.067
2018/5/12 16:00,1517571.379
2018/5/12 17:00,1402018.767
2018/5/12 18:00,1181451.083
2018/5/12 19:00,2369860.45
2018/5/12 20:00,1118547.4
2018/5/12 21:00,1838691.186
2018/5/12 22:00,1154023.183
2018/5/12 23:00,1250085.7
2018/5/13 0:00,982925.3667
2018/5/13 1:00,1752424.033
2018/5/13 2:00,1807772.517
2018/5/13 3:00,1202401.9
2018/5/13 4:00,2023977.283
2018/5/13 5:00,1866840.767
2018/5/13 6:00,2226580
2018/5/13 7:00,2298834.783
2018/5/13 8:00,855705.0667
2018/5/13 9:00,1852071.733
2018/5/13 10:00,829493.8167
2018/5/13 11:00,1874253.867
2018/5/13 12:00,2191930.783
2018/5/13 13:00,1007282.78
2018/5/13 14:00,2194066.525
2018/5/13 15:00,2564358.203
2018/5/13 16:00,2334420.049
2018/5/13 17:00,1247257.25
2018/5/13 18:00,1750621.567
2018/5/13 19:00,1915476.085
2018/5/13 20:00,1625879.738
2018/5/13 21:00,1933313
2018/5/13 22:00,2000615.417
2018/5/13 23:00,1308267.967
2018/5/14 0:00,1743375.741
2018/5/14 1:00,1311288.115
2018/5/14 2:00,3205844.717
2018/5/14 3:00,2151796.767
2018/5/14 4:00,2114028.25
2018/5/14 5:00,1875971.186
2018/5/14 6:00,2057760.705
2018/5/14 7:00,1879915.068
2018/5/14 8:00,1168869.41
2018/5/14 9:00,1587969.867
2018/5/14 10:00,1702127.283
2018/5/14 11:00,2035463.483
2018/5/14 12:00,1810162.517
2018/5/14 13:00,973060.3833
2018/5/14 14:00,2002005.9
2018/5/14 15:00,3311053.845
2018/5/14 16:00,3278342.15
2018/5/14 17:00,2314344.293
2018/5/14 18:00,1052491.475
2018/5/14 19:00,1149944.274
2018/5/14 20:00,1649027.932
2018/5/14 21:00,1219020.475
2018/5/14 22:00,1464933.831
2018/5/14 23:00,1394725.136
2018/5/15 0:00,1259928.4
2018/5/15 1:00,2128524.317
2018/5/15 2:00,1923153.983
2018/5/15 3:00,2728024.542
2018/5/15 4:00,1948833.639
2018/5/15 5:00,2621205.55
2018/5/15 6:00,2064403.417
2018/5/15 7:00,1770979.23
2018/5/15 8:00,1283402.712
2018/5/15 9:00,1846343.8
2018/5/15 10:00,2389115.467
2018/5/15 11:00,2745766.583
2018/5/15 12:00,1395750.881
2018/5/15 13:00,2006254.067
2018/5/15 14:00,2827314.656
2018/5/15 15:00,2589976.915
2018/5/15 16:00,2190515.917
2018/5/15 17:00,1824335.9
2018/5/15 18:00,1029103.695
2018/5/15 19:00,1218792.426
2018/5/15 20:00,1611752.183
2018/5/15 21:00,871688.7833
2018/5/15 22:00,838396.3898
2018/5/15 23:00,788785.7869
2018/5/16 0:00,1038287.4
2018/5/16 1:00,947080.7797
2018/5/16 2:00,2688833.721
2018/5/16 3:00,1490181.797
2018/5/16 4:00,1842003.672
2018/5/16 5:00,1239313.3
2018/5/16 6:00,2384516.78
2018/5/16 7:00,1937725.23
2018/5/16 8:00,1790378.934
2018/5/16 9:00,2602119.78
2018/5/16 10:00,2864646.473
2018/5/16 11:00,3057702.041
2018/5/16 12:00,1777210.316
2018/5/16 13:00,1923566.22
2018/5/16 14:00,2011508.77
2018/5/16 15:00,2790268.15
2018/5/16 16:00,2294751.817
2018/5/16 17:00,977257.2623
2018/5/16 18:00,1033821.458
2018/5/16 19:00,942474.0847
2018/5/16 20:00,1292269.967
2018/5/16 21:00,1103335.783
2018/5/16 22:00,1242470.833
2018/5/16 23:00,1080867.567
2018/5/17 0:00,1857964.917
2018/5/17 1:00,1953734.767
2018/5/17 2:00,2665712.05
2018/5/17 3:00,1896234.6
2018/5/17 4:00,1547018.633
2018/5/17 5:00,2361255.25
2018/5/17 6:00,3233950.3
2018/5/17 7:00,3525365.65
2018/5/17 8:00,2756528.233
2018/5/17 9:00,1448747.167
2018/5/17 10:00,2357071.367
2018/5/17 11:00,2461229.817
2018/5/17 12:00,1297163.967
2018/5/17 13:00,1555109.75
2018/5/17 14:00,2192307.15
2018/5/17 15:00,1459745.797
2018/5/17 16:00,1884744.82
2018/5/17 17:00,2457212.367
2018/5/17 18:00,1368682.183
2018/5/17 19:00,1352579.508
2018/5/17 20:00,1789495.033
2018/5/17 21:00,1121815.61
2018/5/17 22:00,1036163.41
2018/5/17 23:00,777461.2167
2018/5/18 0:00,1707363.339
2018/5/18 1:00,896089.2787
2018/5/18 2:00,2077692.933
2018/5/18 3:00,1506718.333
2018/5/18 4:00,1968613.683
2018/5/18 5:00,1859412.583
2018/5/18 6:00,1767097.25
2018/5/18 7:00,1835312.607
2018/5/18 8:00,1078078.169
2018/5/18 9:00,1819597.35
2018/5/18 10:00,1622970.617
2018/5/18 11:00,1663030.667
2018/5/18 12:00,1351500.95
2018/5/18 13:00,2130275.083
2018/5/18 14:00,2271203.607
2018/5/18 15:00,1773793.695
2018/5/18 16:00,2744721.417
2018/5/18 17:00,2133891.2
2018/5/18 18:00,1452738.917
2018/5/18 19:00,1358563.633
2018/5/18 20:00,1865910.367
2018/5/18 21:00,1761957.65
2018/5/18 22:00,651391.4667
2018/5/18 23:00,1363015.15
2018/5/19 0:00,1662567.5
2018/5/19 1:00,1729368.233
2018/5/19 2:00,2104558.5
2018/5/19 3:00,1487660.35
2018/5/19 4:00,1015761.9
2018/5/19 5:00,2077398.623
2018/5/19 6:00,1988331.186
2018/5/19 7:00,1558562.483
2018/5/19 8:00,816874.6102
2018/5/19 9:00,2167448.262
2018/5/19 10:00,2612856.75
2018/5/19 11:00,1139762.817
2018/5/19 12:00,1440817.9
2018/5/19 13:00,2726612.7
2018/5/19 14:00,1343498.517
2018/5/19 15:00,2253184.898
2018/5/19 16:00,1394299.883
2018/5/19 17:00,1629530.23
2018/5/19 18:00,2721200.183
2018/5/19 19:00,1569660.167
2018/5/19 20:00,2307707.383
2018/5/19 21:00,1948225.367
2018/5/19 22:00,1403737.617
2018/5/19 23:00,1738917.1
2018/5/20 0:00,1491383.067
2018/5/20 1:00,1353392.475
2018/5/20 2:00,1601084.459
2018/5/20 3:00,1252856.167
2018/5/20 4:00,2405111.333
2018/5/20 5:00,2386708.183
2018/5/20 6:00,2935898.95
2018/5/20 7:00,2488622.283
2018/5/20 8:00,1669795.1
2018/5/20 9:00,786483.2
2018/5/20 10:00,1535688.9
2018/5/20 11:00,1522640.533
2018/5/20 12:00,1668913.417
2018/5/20 13:00,503171.9
2018/5/20 14:00,1213906.167
2018/5/20 15:00,1773966.967
2018/5/20 16:00,1060886.6
2018/5/20 17:00,960888.2667
2018/5/20 18:00,1542554.733
2018/5/20 19:00,1898367.75
2018/5/20 20:00,1948250.367
2018/5/20 21:00,1101942.754
2018/5/20 22:00,558527.9833
2018/5/20 23:00,1248569.983
2018/5/21 0:00,1289870.339
2018/5/21 1:00,1566800.917
2018/5/21 2:00,3177985.083
2018/5/21 3:00,1598848.783
2018/5/21 4:00,2381890.733
2018/5/21 5:00,1873341.678
2018/5/21 6:00,2669796.262
2018/5/21 7:00,2060743.017
2018/5/21 8:00,2151263.833
2018/5/21 9:00,1727309.333
2018/5/21 10:00,1397139.1
2018/5/21 11:00,1474406.883
2018/5/21 12:00,1256296.383
2018/5/21 13:00,1059084.741
2018/5/21 14:00,1742831.683
2018/5/21 15:00,1258437.567
2018/5/21 16:00,1627945.322
2018/5/21 17:00,1716041.607
2018/5/21 18:00,1110267.183
2018/5/21 19:00,1893437.05
2018/5/21 20:00,1468091.525
2018/5/21 21:00,629399.3833
2018/5/21 22:00,1173733.541
2018/5/21 23:00,2031172.417
